{
    "Idontknow2": [
        -0.2243893639,
        0.4192487594000001,
        1.2420213955000001,
        -2.1395788511000005,
        0.3813065896,
        0.9827266316000001,
        0.0895672564
    ],
    "followme1": [
        -1.1772020677,
        0.13846972179999997,
        -0.47487051430000005,
        -1.0732537865,
        -0.0793225215,
        0.22016581050000003,
        -0.023037564000000003
    ],
    "followme2": [
        -1.1495744436,
        0.03260164359999992,
        -1.2512189684,
        -1.9815446526,
        -0.05373686330000001,
        -0.6436381233,
        0.1714553248
    ],
    "hi_01": [
        -0.0847677639,
        -0.019564476699999916,
        0.7633112872,
        -2.3513150075,
        0.1612280426,
        -0.1112435098,
        -0.2379850172
    ],
    "hi_02": [
        -0.07096267820000005,
        0.09857284959999994,
        0.7587212271,
        -2.1441863639000003,
        -1.4356241966,
        0.11736940750000001,
        -0.5399516326
    ],
    "insult_01": [
        -0.6493975143000001,
        -0.3755122932000001,
        -0.49635478800000005,
        -1.9677395669000002,
        0.0946808975,
        -0.5224291218000001,
        -0.2942874274
    ],
    "insult_02": [
        -0.8841363293000001,
        -0.2266931203000001,
        -0.20482488720000003,
        -1.5319980060000002,
        0.26358812810000004,
        -0.47487051430000005,
        -0.15609694880000002
    ],
    "left_hello_01": [
        -0.4131054090000001,
        0.13080798650000008,
        -0.32603388870000005,
        -2.1257737654000004,
        0.212399359,
        -0.2109682376,
        -0.6064987777
    ],
    "left_hello_02": [
        -0.39315697290000007,
        0.1323263713999999,
        0.5316441474,
        -2.1181120301000003,
        0.20728571790000003,
        -0.2355241865,
        0.6269707948000001
    ],
    "out_of_bounds": [
        -0.3978060378285841,
        0.8637827411925465,
        -0.10602950656486886,
        -2.1451159665933455,
        1.3975089933394382,
        0.7847942624676406,
        0.7053161796255533
    ],
    "pointleft": [
        -0.14614890979999992,
        0.19370751730000008,
        1.0686462737000002,
        -1.2527548060000002,
        0.4120058889,
        -0.10356432180000001,
        0.3659482136
    ],
    "stop": [
        -1.0053453308,
        0.06481932779999998,
        -0.4671913263,
        -1.745,
        -0.1305112906,
        -0.4625838135,
        -0.0435095811
    ]
}