{
    "hi_01": [
        -0.0847677639,
        -0.019564476699999916,
        0.7633112872,
        -2.3513150075,
        0.1612280426,
        -0.1112435098,
        -0.2379850172
    ],
    "hi_02": [
        -0.07096267820000005,
        0.09857284959999994,
        0.7587212271,
        -2.1441863639000003,
        -1.4356241966,
        0.11736940750000001,
        -0.5399516326
    ]
}