{
    "Idontknow2": [
        -0.2243893639,
        0.4192487594000001,
        1.2420213955000001,
        -2.1395788511000005,
        0.3813065896,
        0.9827266316000001,
        0.0895672564
    ],
    "followme1": [
        -1.1772020677,
        0.13846972179999997,
        -0.47487051430000005,
        -1.0732537865,
        -0.0793225215,
        0.22016581050000003,
        -0.023037564000000003
    ],
    "followme2": [
        -1.1495744436,
        0.03260164359999992,
        -1.2512189684,
        -1.9815446526,
        -0.05373686330000001,
        -0.6436381233,
        0.1714553248
    ],
    "hi_01": [
        -0.0847677639,
        -0.019564476699999916,
        0.7633112872,
        -2.3513150075,
        0.1612280426,
        -0.1112435098,
        -0.2379850172
    ],
    "hi_02": [
        -0.07096267820000005,
        0.09857284959999994,
        0.7587212271,
        -2.1441863639000003,
        -1.4356241966,
        0.11736940750000001,
        -0.5399516326
    ],
    "left_hello_01": [
        -0.4131054090000001,
        0.13080798650000008,
        -0.32603388870000005,
        -2.1257737654000004,
        0.212399359,
        -0.2109682376,
        -0.6064987777
    ],
    "left_hello_02": [
        -0.39315697290000007,
        0.1323263713999999,
        0.5316441474,
        -2.1181120301000003,
        0.20728571790000003,
        -0.2355241865,
        0.6269707948000001
    ],
    "stop": [
        -1.0053453308,
        0.06481932779999998,
        -0.4671913263,
        -1.8112412060000003,
        -0.1305112906,
        -0.4625838135,
        -0.0435095811
    ]
}