{
    "Idontknow1": [
        -0.29036056990000003,
        -0.4852199654,
        -1.0686462737000002,
        -2.1625989624,
        -0.0435095811,
        0.9474372722000001,
        -0.017906470200000003
    ],
    "hello_01": [
        -0.6585950872,
        -0.24587363759999992,
        -0.45799375340000004,
        -1.8404046677,
        -0.2738154103,
        -0.5699877293000001,
        0.6320844359000001
    ],
    "hello_02": [
        -0.6294490782000001,
        -0.37322598950000013,
        0.36285908570000003,
        -1.8956250105,
        0.1407560255,
        -0.39202254740000003,
        -0.6218397010000001
    ]
}